-- phpMyAdmin SQL Dump
-- version 5.2.1
-- https://www.phpmyadmin.net/
--
-- Host: 127.0.0.1
-- Generation Time: Jul 13, 2023 at 12:11 PM
-- Server version: 10.4.28-MariaDB
-- PHP Version: 8.0.28

SET SQL_MODE = "NO_AUTO_VALUE_ON_ZERO";
START TRANSACTION;
SET time_zone = "+00:00";


/*!40101 SET @OLD_CHARACTER_SET_CLIENT=@@CHARACTER_SET_CLIENT */;
/*!40101 SET @OLD_CHARACTER_SET_RESULTS=@@CHARACTER_SET_RESULTS */;
/*!40101 SET @OLD_COLLATION_CONNECTION=@@COLLATION_CONNECTION */;
/*!40101 SET NAMES utf8mb4 */;

--
-- Database: `myshop`
--

-- --------------------------------------------------------

--
-- Table structure for table `brands`
--

CREATE TABLE `brands` (
  `brand_id` int(10) NOT NULL,
  `brand_title` text NOT NULL
) ENGINE=InnoDB DEFAULT CHARSET=utf8mb4 COLLATE=utf8mb4_general_ci;

--
-- Dumping data for table `brands`
--

INSERT INTO `brands` (`brand_id`, `brand_title`) VALUES
(1, 'HP'),
(2, 'DELL'),
(3, 'Nokia'),
(4, 'Sony'),
(5, 'iPads'),
(6, 'Motorola');

-- --------------------------------------------------------

--
-- Table structure for table `cart`
--

CREATE TABLE `cart` (
  `p_id` int(10) NOT NULL,
  `ip_add` int(10) NOT NULL,
  `qty` int(10) NOT NULL
) ENGINE=InnoDB DEFAULT CHARSET=utf8mb4 COLLATE=utf8mb4_general_ci;

-- --------------------------------------------------------

--
-- Table structure for table `categories`
--

CREATE TABLE `categories` (
  `cat_id` int(10) NOT NULL,
  `cat_title` text NOT NULL
) ENGINE=InnoDB DEFAULT CHARSET=utf8mb4 COLLATE=utf8mb4_general_ci;

--
-- Dumping data for table `categories`
--

INSERT INTO `categories` (`cat_id`, `cat_title`) VALUES
(1, 'Laptops'),
(2, 'Computers'),
(3, 'Mobiles'),
(4, 'Camaras'),
(5, 'Tablets'),
(6, 'TVs');

-- --------------------------------------------------------

--
-- Table structure for table `products`
--

CREATE TABLE `products` (
  `product_id` int(10) NOT NULL,
  `cat_id` int(10) NOT NULL,
  `brand_id` int(10) NOT NULL,
  `date` timestamp NOT NULL DEFAULT current_timestamp() ON UPDATE current_timestamp(),
  `product_title` text NOT NULL,
  `product_img1` text NOT NULL,
  `product_img2` text NOT NULL,
  `product_img3` int(10) NOT NULL,
  `product_price` int(10) NOT NULL,
  `product_desc` text NOT NULL,
  `status` text NOT NULL
) ENGINE=InnoDB DEFAULT CHARSET=utf8mb4 COLLATE=utf8mb4_general_ci;

--
-- Dumping data for table `products`
--

INSERT INTO `products` (`product_id`, `cat_id`, `brand_id`, `date`, `product_title`, `product_img1`, `product_img2`, `product_img3`, `product_price`, `product_desc`, `status`) VALUES
(2, 1, 1, '2023-07-11 15:17:15', 'HP Pro book Laptop', 'laptop.jpg', 'laptop1.jpg', 0, 40000, 'This is very nice branded HP product which I like the most', 'status'),
(3, 1, 2, '2023-07-11 15:22:30', 'Dell Inspiration Laptop', 'laptop1.jpg', 'laptop.jpg', 0, 50000, 'This is one more beautiful laptop that I like the most.', 'status'),
(4, 3, 6, '2023-07-13 10:06:28', 'Motorola mobile ', 'Motorola1.jpg', 'Motorola.jpg', 0, 4500, 'This is a very nice branded Motorola which I like the most', 'status'),
(5, 2, 2, '2023-07-13 09:08:26', 'Dell Computers', 'computer3.jpg', 'computer1.jpg', 0, 3000, 'This is one more beautiful computers that I like the most.', 'status'),
(6, 0, 4, '2023-07-13 10:01:18', 'video camara', 'videocamara.png', 'videocamara.png', 0, 6000, 'This is very nice branded video camara    ', 'status'),
(7, 6, 4, '2023-07-13 10:04:49', 'Sony LED', 'Tv1.jpg', 'Tv.jpg', 0, 7600, 'This is very nice branded Sony led', 'status');

--
-- Indexes for dumped tables
--

--
-- Indexes for table `brands`
--
ALTER TABLE `brands`
  ADD PRIMARY KEY (`brand_id`);

--
-- Indexes for table `cart`
--
ALTER TABLE `cart`
  ADD PRIMARY KEY (`p_id`);

--
-- Indexes for table `categories`
--
ALTER TABLE `categories`
  ADD PRIMARY KEY (`cat_id`);

--
-- Indexes for table `products`
--
ALTER TABLE `products`
  ADD PRIMARY KEY (`product_id`);

--
-- AUTO_INCREMENT for dumped tables
--

--
-- AUTO_INCREMENT for table `brands`
--
ALTER TABLE `brands`
  MODIFY `brand_id` int(10) NOT NULL AUTO_INCREMENT, AUTO_INCREMENT=7;

--
-- AUTO_INCREMENT for table `categories`
--
ALTER TABLE `categories`
  MODIFY `cat_id` int(10) NOT NULL AUTO_INCREMENT, AUTO_INCREMENT=7;

--
-- AUTO_INCREMENT for table `products`
--
ALTER TABLE `products`
  MODIFY `product_id` int(10) NOT NULL AUTO_INCREMENT, AUTO_INCREMENT=8;
COMMIT;

/*!40101 SET CHARACTER_SET_CLIENT=@OLD_CHARACTER_SET_CLIENT */;
/*!40101 SET CHARACTER_SET_RESULTS=@OLD_CHARACTER_SET_RESULTS */;
/*!40101 SET COLLATION_CONNECTION=@OLD_COLLATION_CONNECTION */;
